{
  "$schema": "https://schema.management.azure.com/schemas/2015-01-01/deploymentTemplate.json#",
  "contentVersion": "1.0.0.0",
  "parameters": {
    "_artifactsLocation": {
        "type": "string",
        "metadata": {
            "description": "The base URI where artifacts required by this template are located including a trailing '/'"
        },
        "defaultValue": "[deployment().properties.templateLink.uri]"
    },
    "_artifactsLocationSasToken": {
        "type": "securestring",
        "metadata": {
            "description": "The sasToken required to access _artifactsLocation.  When the template is deployed using the accompanying scripts, a sasToken will be automatically generated. Use the defaultValue if the staging location is not secured."
        },
        "defaultValue": ""
    },
    "adminUsername": {
      "type": "string",
      "metadata": {
        "description": "Username for the Virtual Machine."
      }
    },
    "adminPassword": {
      "type": "securestring",
      "metadata": {
        "description": "Password for the Virtual Machine."
      }
    },
    "vmName": {
      "type": "string",
      "metadata": {
        "description": "Name Prefix for the Virtual Machine."
      }
    },
    "vmSize": {
      "type": "string",
      "defaultValue": "Standard_F72s_v2",
      "metadata": {
        "description": "Size for the Virtual Machine."
      }
    },
    "location": {
      "type": "string",
      "defaultValue": "[resourceGroup().location]",
      "metadata": {
        "description": "Location of the Virtual Machine."
      }
    }
  },
  "variables": {
    "location": "[parameters('location')]",
    "imagePublisher": "microsoft-dsvm",
    "imageOffer": "linux-data-science-vm-ubuntu",
    "OSDiskName": "[concat(parameters('vmName'),'-osdisk')]",
    "DataDiskName": "[concat(parameters('vmName'),'-data-0')]",
    "sku": "linuxdsvmubuntu",
    "nicName": "[parameters('vmName')]",
    "addressPrefix": "10.0.0.0/16",
    "subnetName": "Subnet",
    "subnetPrefix": "10.0.0.0/24",
    "publicIPAddressType": "Dynamic",
    "publicIPAddressName": "[parameters('vmName')]",
    "vmName": "[parameters('vmName')]",
    "vmSize": "[parameters('vmSize')]",
    "virtualNetworkName": "[parameters('vmName')]",
    "nsgName": "[concat(parameters('vmName'),'-nsg')]",
    "nsgId": "[resourceId(resourceGroup().name, 'Microsoft.Network/networkSecurityGroups', variables('nsgName'))]",
    "vnetID": "[resourceId('Microsoft.Network/virtualNetworks',variables('virtualNetworkName'))]",
    "subnetRef": "[resourceId('Microsoft.Network/virtualNetworks/subnets', variables('virtualNetworkName'), variables('subnetName'))]",
    "commandToExecute": "bash intel_ml_envs.sh"
  },
  "resources": [
    {
      "apiVersion": "2018-02-01",
      "name": "pid-90a969a1-f37f-5938-a168-fee1e48baab4",
      "type": "Microsoft.Resources/deployments",
      "properties": {
        "mode": "Incremental",
        "template": {
          "$schema": "https://schema.management.azure.com/schemas/2015-01-01/deploymentTemplate.json#",
          "contentVersion": "1.0.0.0",
          "resources": []
        }
      }
    },
    {
      "apiVersion": "2018-02-01",
      "type": "Microsoft.Network/networkSecurityGroups",
      "location": "[variables('location')]",
      "name": "[variables('nsgName')]",
      "properties": {
        "securityRules": [
          {
            "name": "Allow-SSH-Jupyterhub",
            "properties": {
              "protocol": "Tcp",
              "sourcePortRange": "*",
              "sourceAddressPrefix": "*",
              "destinationAddressPrefix": "*",
              "access": "Allow",
              "priority": 100,
              "direction": "Inbound",
              "sourcePortRanges": [],
              "destinationPortRanges": [
                "22",
                "8000"
              ],
              "destinationPortRange": ""
            }
          }
        ]
      }
    },
    {
      "apiVersion": "2018-02-01",
      "type": "Microsoft.Network/publicIPAddresses",
      "name": "[variables('publicIPAddressName')]",
      "location": "[variables('location')]",
      "properties": {
        "publicIPAllocationMethod": "[variables('publicIPAddressType')]",
        "dnsSettings": {
          "domainNameLabel": "[variables('publicIPAddressName')]"
        }
      }
    },
    {
      "apiVersion": "2018-02-01",
      "type": "Microsoft.Network/virtualNetworks",
      "name": "[variables('virtualNetworkName')]",
      "location": "[variables('location')]",
      "dependsOn": [
        "[concat('Microsoft.Network/networkSecurityGroups/', variables('nsgName'))]"
      ],
      "properties": {
        "addressSpace": {
          "addressPrefixes": [
            "[variables('addressPrefix')]"
          ]
        },
        "subnets": [
          {
            "name": "[variables('subnetName')]",
            "properties": {
              "addressPrefix": "[variables('subnetPrefix')]"
            }
          }
        ]
      }
    },
    {
      "apiVersion": "2018-02-01",
      "type": "Microsoft.Network/networkInterfaces",
      "name": "[variables('nicName')]",
      "location": "[variables('location')]",
      "dependsOn": [
        "[concat('Microsoft.Network/publicIPAddresses/', variables('publicIPAddressName'))]",
        "[concat('Microsoft.Network/networkSecurityGroups/', variables('nsgName'))]",
        "[concat('Microsoft.Network/virtualNetworks/', variables('virtualNetworkName'))]"
      ],
      "properties": {
        "ipConfigurations": [
          {
            "name": "ipconfig1",
            "properties": {
              "privateIPAllocationMethod": "Dynamic",
              "publicIPAddress": {
                "id": "[resourceId('Microsoft.Network/publicIPAddresses',variables('publicIPAddressName'))]"
              },
              "subnet": {
                "id": "[variables('subnetRef')]"
              }
            }
          }
        ],
        "networkSecurityGroup": {
          "id": "[variables('nsgId')]"
        }
      }
    },
    {
      "apiVersion": "2017-03-30",
      "type": "Microsoft.Compute/virtualMachines",
      "name": "[variables('vmName')]",
      "location": "[variables('location')]",
      "tags": {
        "Application": "DataScience"
      },
      "dependsOn": [
        "[concat('Microsoft.Network/networkInterfaces/', variables('nicName'))]"
      ],
      "properties": {
        "hardwareProfile": {
          "vmSize": "[variables('vmSize')]"
        },
        "osProfile": {
          "computerName": "[variables('vmName')]",
          "adminUsername": "[parameters('adminUsername')]",
          "adminPassword": "[parameters('adminPassword')]"
        },
        "storageProfile": {
          "imageReference": {
            "publisher": "[variables('imagePublisher')]",
            "offer": "[variables('imageOffer')]",
            "sku": "[variables('sku')]",
            "version": "latest"
          },
          "osDisk": {
            "name": "[variables('OSDiskName')]",
            "managedDisk": {
              "storageAccountType": "Standard_LRS"
            },
            "createOption": "FromImage"
          },
          "dataDisks": [
            {
              "name": "[variables('DataDiskName')]",
              "managedDisk": {
                "storageAccountType": "Standard_LRS"
              },
              "createOption": "FromImage",
              "lun": 0
            }
          ]
        },
        "networkProfile": {
          "networkInterfaces": [
            {
              "id": "[resourceId('Microsoft.Network/networkInterfaces',variables('nicName'))]"
            }
          ]
        },
        "diagnosticsProfile": {
          "bootDiagnostics": {
            "enabled": false
          }
        }
      },
      "resources": [
        {
         "name": "[variables('vmName')]",
         "type": "extensions",
         "location": "[variables('location')]",
         "apiVersion": "2017-03-30",
         "dependsOn": [
            "[concat('Microsoft.Compute/virtualMachines/', variables('vmName'))]"
          ],
         "tags": {
            "displayName": "[variables('vmName')]"
          },
         "properties": {
            "publisher": "Microsoft.Azure.Extensions",
            "type": "CustomScript",
            "typeHandlerVersion": "2.0",
            "autoUpgradeMinorVersion": true,
            "settings": {
               "fileUris": [
                    "[uri(parameters('_artifactsLocation'), concat('scripts/intel_ml_envs.sh', parameters('_artifactsLocationSasToken')))]"
               ],
              "commandToExecute": "[variables('commandToExecute')]"
            }
          }
        }
      ]
    }
  ],
  "outputs": {
    "DataScienceVmUrl": {
      "type": "string",
      "value": "[concat('https://ms.portal.azure.com/#resource/subscriptions/', subscription().subscriptionId, '/resourceGroups/', resourceGroup().name, '/providers/Microsoft.Compute/virtualMachines/', variables('vmName'))]"
    }
  }
}
